{"backend" : "tensorflow", "config" : {"layers" : [{"class_name" : "InputLayer", "config" : {"batch_input_shape" : [null, 224, 224, 3], "dtype" : "float32", "name" : "input_1", "sparse" : false, "trainable" : false}, "inbound_nodes" : []}, {"class_name" : "ZeroPadding2D", "config" : {"data_format" : "channels_last", "dtype" : "float32", "name" : "Conv1_pad", "padding" : [[0, 1], [0, 1]], "trainable" : false}, "inbound_nodes" : [[["input_1", 0, 0, {}]]]}, {"class_name" : "Conv2D", "config" : {"activation" : "linear", "bias_initializer" : {"class_name" : "Zeros", "config" : {}}, "dilation_rate" : [1, 1], "filters" : 32, "kernel_initializer" : {"class_name" : "VarianceScaling", "config" : {"distribution" : "uniform", "mode" : "fan_avg", "scale" : 1.0, "seed" : 12}}, "kernel_size" : [3, 3], "name" : "Conv1", "padding" : "valid", "strides" : [2, 2], "trainable" : false, "use_bias" : false}, "inbound_nodes" : [[["Conv1_pad", 0, 0, {}]]]}, {"class_name" : "BatchNormalization", "config" : {"axis" : [3], "beta_initializer" : {"class_name" : "Zeros", "config" : {}}, "center" : true, "dtype" : "float32", "epsilon" : 0.001, "gamma_initializer" : {"class_name" : "Ones", "config" : {}}, "momentum" : 0.999, "moving_mean_initializer" : {"class_name" : "Zeros", "config" : {}}, "moving_variance_initializer" : {"class_name" : "Ones", "config" : {}}, "name" : "bn_Conv1", "scale" : true, "trainable" : false}, "inbound_nodes" : [[["Conv1", 0, 0, {}]]]}, {"class_name" : "ReLU", "config" : {"dtype" : "float32", "max_value" : 6.0, "name" : "Conv1_relu", "negative_slope" : 0.0, "threshold" : 0.0, "trainable" : false}, "inbound_nodes" : [[["bn_Conv1", 0, 0, {}]]]}, {"class_name" : "DepthwiseConv2D", "config" : {"activation" : "linear", "bias_initializer" : {"class_name" : "Zeros", "config" : {}}, "depth_multiplier" : 1, "depthwise_initializer" : {"class_name" : "VarianceScaling", "config" : {"distribution" : "uniform", "mode" : "fan_avg", "scale" : 1.0, "seed" : 12}}, "dilation_rate" : [1, 1], "kernel_size" : [3, 3], "name" : "expanded_conv_depthwise", "padding" : "same", "strides" : [1, 1], "trainable" : false, "use_bias" : false}, "inbound_nodes" : [[["Conv1_relu", 0, 0, {}]]]}, {"class_name" : "BatchNormalization", "config" : {"axis" : [3], "beta_initializer" : {"class_name" : "Zeros", "config" : {}}, "center" : true, "dtype" : "float32", "epsilon" : 0.001, "gamma_initializer" : {"class_name" : "Ones", "config" : {}}, "momentum" : 0.999, "moving_mean_initializer" : {"class_name" : "Zeros", "config" : {}}, "moving_variance_initializer" : {"class_name" : "Ones", "config" : {}}, "name" : "expanded_conv_depthwise_BN", "scale" : true, "trainable" : false}, "inbound_nodes" : [[["expanded_conv_depthwise", 0, 0, {}]]]}, {"class_name" : "ReLU", "config" : {"dtype" : "float32", "max_value" : 6.0, "name" : "expanded_conv_depthwise_relu", "negative_slope" : 0.0, "threshold" : 0.0, "trainable" : false}, "inbound_nodes" : [[["expanded_conv_depthwise_BN", 0, 0, {}]]]}, {"class_name" : "Conv2D", "config" : {"activation" : "linear", "bias_initializer" : {"class_name" : "Zeros", "config" : {}}, "dilation_rate" : [1, 1], "filters" : 16, "kernel_initializer" : {"class_name" : "VarianceScaling", "config" : {"distribution" : "uniform", "mode" : "fan_avg", "scale" : 1.0, "seed" : 12}}, "kernel_size" : [1, 1], "name" : "expanded_conv_project", "padding" : "same", "strides" : [1, 1], "trainable" : false, "use_bias" : false}, "inbound_nodes" : [[["expanded_conv_depthwise_relu", 0, 0, {}]]]}, {"class_name" : "BatchNormalization", "config" : {"axis" : [3], "beta_initializer" : {"class_name" : "Zeros", "config" : {}}, "center" : true, "dtype" : "float32", "epsilon" : 0.001, "gamma_initializer" : {"class_name" : "Ones", "config" : {}}, "momentum" : 0.999, "moving_mean_initializer" : {"class_name" : "Zeros", "config" : {}}, "moving_variance_initializer" : {"class_name" : "Ones", "config" : {}}, "name" : "expanded_conv_project_BN", "scale" : true, "trainable" : false}, "inbound_nodes" : [[["expanded_conv_project", 0, 0, {}]]]}, {"class_name" : "Conv2D", "config" : {"activation" : "linear", "bias_initializer" : {"class_name" : "Zeros", "config" : {}}, "dilation_rate" : [1, 1], "filters" : 96, "kernel_initializer" : {"class_name" : "VarianceScaling", "config" : {"distribution" : "uniform", "mode" : "fan_avg", "scale" : 1.0, "seed" : 12}}, "kernel_size" : [1, 1], "name" : "block_1_expand", "padding" : "same", "strides" : [1, 1], "trainable" : false, "use_bias" : false}, "inbound_nodes" : [[["expanded_conv_project_BN", 0, 0, {}]]]}, {"class_name" : "BatchNormalization", "config" : {"axis" : [3], "beta_initializer" : {"class_name" : "Zeros", "config" : {}}, "center" : true, "dtype" : "float32", "epsilon" : 0.001, "gamma_initializer" : {"class_name" : "Ones", "config" : {}}, "momentum" : 0.999, "moving_mean_initializer" : {"class_name" : "Zeros", "config" : {}}, "moving_variance_initializer" : {"class_name" : "Ones", "config" : {}}, "name" : "block_1_expand_BN", "scale" : true, "trainable" : false}, "inbound_nodes" : [[["block_1_expand", 0, 0, {}]]]}, {"class_name" : "ReLU", "config" : {"dtype" : "float32", "max_value" : 6.0, "name" : "block_1_expand_relu", "negative_slope" : 0.0, "threshold" : 0.0, "trainable" : false}, "inbound_nodes" : [[["block_1_expand_BN", 0, 0, {}]]]}, {"class_name" : "ZeroPadding2D", "config" : {"data_format" : "channels_last", "dtype" : "float32", "name" : "block_1_pad", "padding" : [[0, 1], [0, 1]], "trainable" : false}, "inbound_nodes" : [[["block_1_expand_relu", 0, 0, {}]]]}, {"class_name" : "DepthwiseConv2D", "config" : {"activation" : "linear", "bias_initializer" : {"class_name" : "Zeros", "config" : {}}, "depth_multiplier" : 1, "depthwise_initializer" : {"class_name" : "VarianceScaling", "config" : {"distribution" : "uniform", "mode" : "fan_avg", "scale" : 1.0, "seed" : 12}}, "dilation_rate" : [1, 1], "kernel_size" : [3, 3], "name" : "block_1_depthwise", "padding" : "valid", "strides" : [2, 2], "trainable" : false, "use_bias" : false}, "inbound_nodes" : [[["block_1_pad", 0, 0, {}]]]}, {"class_name" : "BatchNormalization", "config" : {"axis" : [3], "beta_initializer" : {"class_name" : "Zeros", "config" : {}}, "center" : true, "dtype" : "float32", "epsilon" : 0.001, "gamma_initializer" : {"class_name" : "Ones", "config" : {}}, "momentum" : 0.999, "moving_mean_initializer" : {"class_name" : "Zeros", "config" : {}}, "moving_variance_initializer" : {"class_name" : "Ones", "config" : {}}, "name" : "block_1_depthwise_BN", "scale" : true, "trainable" : false}, "inbound_nodes" : [[["block_1_depthwise", 0, 0, {}]]]}, {"class_name" : "ReLU", "config" : {"dtype" : "float32", "max_value" : 6.0, "name" : "block_1_depthwise_relu", "negative_slope" : 0.0, "threshold" : 0.0, "trainable" : false}, "inbound_nodes" : [[["block_1_depthwise_BN", 0, 0, {}]]]}, {"class_name" : "Conv2D", "config" : {"activation" : "linear", "bias_initializer" : {"class_name" : "Zeros", "config" : {}}, "dilation_rate" : [1, 1], "filters" : 24, "kernel_initializer" : {"class_name" : "VarianceScaling", "config" : {"distribution" : "uniform", "mode" : "fan_avg", "scale" : 1.0, "seed" : 12}}, "kernel_size" : [1, 1], "name" : "block_1_project", "padding" : "same", "strides" : [1, 1], "trainable" : false, "use_bias" : false}, "inbound_nodes" : [[["block_1_depthwise_relu", 0, 0, {}]]]}, {"class_name" : "BatchNormalization", "config" : {"axis" : [3], "beta_initializer" : {"class_name" : "Zeros", "config" : {}}, "center" : true, "dtype" : "float32", "epsilon" : 0.001, "gamma_initializer" : {"class_name" : "Ones", "config" : {}}, "momentum" : 0.999, "moving_mean_initializer" : {"class_name" : "Zeros", "config" : {}}, "moving_variance_initializer" : {"class_name" : "Ones", "config" : {}}, "name" : "block_1_project_BN", "scale" : true, "trainable" : false}, "inbound_nodes" : [[["block_1_project", 0, 0, {}]]]}, {"class_name" : "Conv2D", "config" : {"activation" : "linear", "bias_initializer" : {"class_name" : "Zeros", "config" : {}}, "dilation_rate" : [1, 1], "filters" : 144, "kernel_initializer" : {"class_name" : "VarianceScaling", "config" : {"distribution" : "uniform", "mode" : "fan_avg", "scale" : 1.0, "seed" : 12}}, "kernel_size" : [1, 1], "name" : "block_2_expand", "padding" : "same", "strides" : [1, 1], "trainable" : false, "use_bias" : false}, "inbound_nodes" : [[["block_1_project_BN", 0, 0, {}]]]}, {"class_name" : "BatchNormalization", "config" : {"axis" : [3], "beta_initializer" : {"class_name" : "Zeros", "config" : {}}, "center" : true, "dtype" : "float32", "epsilon" : 0.001, "gamma_initializer" : {"class_name" : "Ones", "config" : {}}, "momentum" : 0.999, "moving_mean_initializer" : {"class_name" : "Zeros", "config" : {}}, "moving_variance_initializer" : {"class_name" : "Ones", "config" : {}}, "name" : "block_2_expand_BN", "scale" : true, "trainable" : false}, "inbound_nodes" : [[["block_2_expand", 0, 0, {}]]]}, {"class_name" : "ReLU", "config" : {"dtype" : "float32", "max_value" : 6.0, "name" : "block_2_expand_relu", "negative_slope" : 0.0, "threshold" : 0.0, "trainable" : false}, "inbound_nodes" : [[["block_2_expand_BN", 0, 0, {}]]]}, {"class_name" : "DepthwiseConv2D", "config" : {"activation" : "linear", "bias_initializer" : {"class_name" : "Zeros", "config" : {}}, "depth_multiplier" : 1, "depthwise_initializer" : {"class_name" : "VarianceScaling", "config" : {"distribution" : "uniform", "mode" : "fan_avg", "scale" : 1.0, "seed" : 12}}, "dilation_rate" : [1, 1], "kernel_size" : [3, 3], "name" : "block_2_depthwise", "padding" : "same", "strides" : [1, 1], "trainable" : false, "use_bias" : false}, "inbound_nodes" : [[["block_2_expand_relu", 0, 0, {}]]]}, {"class_name" : "BatchNormalization", "config" : {"axis" : [3], "beta_initializer" : {"class_name" : "Zeros", "config" : {}}, "center" : true, "dtype" : "float32", "epsilon" : 0.001, "gamma_initializer" : {"class_name" : "Ones", "config" : {}}, "momentum" : 0.999, "moving_mean_initializer" : {"class_name" : "Zeros", "config" : {}}, "moving_variance_initializer" : {"class_name" : "Ones", "config" : {}}, "name" : "block_2_depthwise_BN", "scale" : true, "trainable" : false}, "inbound_nodes" : [[["block_2_depthwise", 0, 0, {}]]]}, {"class_name" : "ReLU", "config" : {"dtype" : "float32", "max_value" : 6.0, "name" : "block_2_depthwise_relu", "negative_slope" : 0.0, "threshold" : 0.0, "trainable" : false}, "inbound_nodes" : [[["block_2_depthwise_BN", 0, 0, {}]]]}, {"class_name" : "Conv2D", "config" : {"activation" : "linear", "bias_initializer" : {"class_name" : "Zeros", "config" : {}}, "dilation_rate" : [1, 1], "filters" : 24, "kernel_initializer" : {"class_name" : "VarianceScaling", "config" : {"distribution" : "uniform", "mode" : "fan_avg", "scale" : 1.0, "seed" : 12}}, "kernel_size" : [1, 1], "name" : "block_2_project", "padding" : "same", "strides" : [1, 1], "trainable" : false, "use_bias" : false}, "inbound_nodes" : [[["block_2_depthwise_relu", 0, 0, {}]]]}, {"class_name" : "BatchNormalization", "config" : {"axis" : [3], "beta_initializer" : {"class_name" : "Zeros", "config" : {}}, "center" : true, "dtype" : "float32", "epsilon" : 0.001, "gamma_initializer" : {"class_name" : "Ones", "config" : {}}, "momentum" : 0.999, "moving_mean_initializer" : {"class_name" : "Zeros", "config" : {}}, "moving_variance_initializer" : {"class_name" : "Ones", "config" : {}}, "name" : "block_2_project_BN", "scale" : true, "trainable" : false}, "inbound_nodes" : [[["block_2_project", 0, 0, {}]]]}, {"class_name" : "Add", "config" : {"dtype" : "float32", "name" : "block_2_add", "trainable" : false}, "inbound_nodes" : [[["block_1_project_BN", 0, 0, {}], ["block_2_project_BN", 0, 0, {}]]]}, {"class_name" : "Conv2D", "config" : {"activation" : "linear", "bias_initializer" : {"class_name" : "Zeros", "config" : {}}, "dilation_rate" : [1, 1], "filters" : 144, "kernel_initializer" : {"class_name" : "VarianceScaling", "config" : {"distribution" : "uniform", "mode" : "fan_avg", "scale" : 1.0, "seed" : 12}}, "kernel_size" : [1, 1], "name" : "block_3_expand", "padding" : "same", "strides" : [1, 1], "trainable" : false, "use_bias" : false}, "inbound_nodes" : [[["block_2_add", 0, 0, {}]]]}, {"class_name" : "BatchNormalization", "config" : {"axis" : [3], "beta_initializer" : {"class_name" : "Zeros", "config" : {}}, "center" : true, "dtype" : "float32", "epsilon" : 0.001, "gamma_initializer" : {"class_name" : "Ones", "config" : {}}, "momentum" : 0.999, "moving_mean_initializer" : {"class_name" : "Zeros", "config" : {}}, "moving_variance_initializer" : {"class_name" : "Ones", "config" : {}}, "name" : "block_3_expand_BN", "scale" : true, "trainable" : false}, "inbound_nodes" : [[["block_3_expand", 0, 0, {}]]]}, {"class_name" : "ReLU", "config" : {"dtype" : "float32", "max_value" : 6.0, "name" : "block_3_expand_relu", "negative_slope" : 0.0, "threshold" : 0.0, "trainable" : false}, "inbound_nodes" : [[["block_3_expand_BN", 0, 0, {}]]]}, {"class_name" : "ZeroPadding2D", "config" : {"data_format" : "channels_last", "dtype" : "float32", "name" : "block_3_pad", "padding" : [[0, 1], [0, 1]], "trainable" : false}, "inbound_nodes" : [[["block_3_expand_relu", 0, 0, {}]]]}, {"class_name" : "DepthwiseConv2D", "config" : {"activation" : "linear", "bias_initializer" : {"class_name" : "Zeros", "config" : {}}, "depth_multiplier" : 1, "depthwise_initializer" : {"class_name" : "VarianceScaling", "config" : {"distribution" : "uniform", "mode" : "fan_avg", "scale" : 1.0, "seed" : 12}}, "dilation_rate" : [1, 1], "kernel_size" : [3, 3], "name" : "block_3_depthwise", "padding" : "valid", "strides" : [2, 2], "trainable" : false, "use_bias" : false}, "inbound_nodes" : [[["block_3_pad", 0, 0, {}]]]}, {"class_name" : "BatchNormalization", "config" : {"axis" : [3], "beta_initializer" : {"class_name" : "Zeros", "config" : {}}, "center" : true, "dtype" : "float32", "epsilon" : 0.001, "gamma_initializer" : {"class_name" : "Ones", "config" : {}}, "momentum" : 0.999, "moving_mean_initializer" : {"class_name" : "Zeros", "config" : {}}, "moving_variance_initializer" : {"class_name" : "Ones", "config" : {}}, "name" : "block_3_depthwise_BN", "scale" : true, "trainable" : false}, "inbound_nodes" : [[["block_3_depthwise", 0, 0, {}]]]}, {"class_name" : "ReLU", "config" : {"dtype" : "float32", "max_value" : 6.0, "name" : "block_3_depthwise_relu", "negative_slope" : 0.0, "threshold" : 0.0, "trainable" : false}, "inbound_nodes" : [[["block_3_depthwise_BN", 0, 0, {}]]]}, {"class_name" : "Conv2D", "config" : {"activation" : "linear", "bias_initializer" : {"class_name" : "Zeros", "config" : {}}, "dilation_rate" : [1, 1], "filters" : 32, "kernel_initializer" : {"class_name" : "VarianceScaling", "config" : {"distribution" : "uniform", "mode" : "fan_avg", "scale" : 1.0, "seed" : 12}}, "kernel_size" : [1, 1], "name" : "block_3_project", "padding" : "same", "strides" : [1, 1], "trainable" : false, "use_bias" : false}, "inbound_nodes" : [[["block_3_depthwise_relu", 0, 0, {}]]]}, {"class_name" : "BatchNormalization", "config" : {"axis" : [3], "beta_initializer" : {"class_name" : "Zeros", "config" : {}}, "center" : true, "dtype" : "float32", "epsilon" : 0.001, "gamma_initializer" : {"class_name" : "Ones", "config" : {}}, "momentum" : 0.999, "moving_mean_initializer" : {"class_name" : "Zeros", "config" : {}}, "moving_variance_initializer" : {"class_name" : "Ones", "config" : {}}, "name" : "block_3_project_BN", "scale" : true, "trainable" : false}, "inbound_nodes" : [[["block_3_project", 0, 0, {}]]]}, {"class_name" : "Conv2D", "config" : {"activation" : "linear", "bias_initializer" : {"class_name" : "Zeros", "config" : {}}, "dilation_rate" : [1, 1], "filters" : 192, "kernel_initializer" : {"class_name" : "VarianceScaling", "config" : {"distribution" : "uniform", "mode" : "fan_avg", "scale" : 1.0, "seed" : 12}}, "kernel_size" : [1, 1], "name" : "block_4_expand", "padding" : "same", "strides" : [1, 1], "trainable" : false, "use_bias" : false}, "inbound_nodes" : [[["block_3_project_BN", 0, 0, {}]]]}, {"class_name" : "BatchNormalization", "config" : {"axis" : [3], "beta_initializer" : {"class_name" : "Zeros", "config" : {}}, "center" : true, "dtype" : "float32", "epsilon" : 0.001, "gamma_initializer" : {"class_name" : "Ones", "config" : {}}, "momentum" : 0.999, "moving_mean_initializer" : {"class_name" : "Zeros", "config" : {}}, "moving_variance_initializer" : {"class_name" : "Ones", "config" : {}}, "name" : "block_4_expand_BN", "scale" : true, "trainable" : false}, "inbound_nodes" : [[["block_4_expand", 0, 0, {}]]]}, {"class_name" : "ReLU", "config" : {"dtype" : "float32", "max_value" : 6.0, "name" : "block_4_expand_relu", "negative_slope" : 0.0, "threshold" : 0.0, "trainable" : false}, "inbound_nodes" : [[["block_4_expand_BN", 0, 0, {}]]]}, {"class_name" : "DepthwiseConv2D", "config" : {"activation" : "linear", "bias_initializer" : {"class_name" : "Zeros", "config" : {}}, "depth_multiplier" : 1, "depthwise_initializer" : {"class_name" : "VarianceScaling", "config" : {"distribution" : "uniform", "mode" : "fan_avg", "scale" : 1.0, "seed" : 12}}, "dilation_rate" : [1, 1], "kernel_size" : [3, 3], "name" : "block_4_depthwise", "padding" : "same", "strides" : [1, 1], "trainable" : false, "use_bias" : false}, "inbound_nodes" : [[["block_4_expand_relu", 0, 0, {}]]]}, {"class_name" : "BatchNormalization", "config" : {"axis" : [3], "beta_initializer" : {"class_name" : "Zeros", "config" : {}}, "center" : true, "dtype" : "float32", "epsilon" : 0.001, "gamma_initializer" : {"class_name" : "Ones", "config" : {}}, "momentum" : 0.999, "moving_mean_initializer" : {"class_name" : "Zeros", "config" : {}}, "moving_variance_initializer" : {"class_name" : "Ones", "config" : {}}, "name" : "block_4_depthwise_BN", "scale" : true, "trainable" : false}, "inbound_nodes" : [[["block_4_depthwise", 0, 0, {}]]]}, {"class_name" : "ReLU", "config" : {"dtype" : "float32", "max_value" : 6.0, "name" : "block_4_depthwise_relu", "negative_slope" : 0.0, "threshold" : 0.0, "trainable" : false}, "inbound_nodes" : [[["block_4_depthwise_BN", 0, 0, {}]]]}, {"class_name" : "Conv2D", "config" : {"activation" : "linear", "bias_initializer" : {"class_name" : "Zeros", "config" : {}}, "dilation_rate" : [1, 1], "filters" : 32, "kernel_initializer" : {"class_name" : "VarianceScaling", "config" : {"distribution" : "uniform", "mode" : "fan_avg", "scale" : 1.0, "seed" : 12}}, "kernel_size" : [1, 1], "name" : "block_4_project", "padding" : "same", "strides" : [1, 1], "trainable" : false, "use_bias" : false}, "inbound_nodes" : [[["block_4_depthwise_relu", 0, 0, {}]]]}, {"class_name" : "BatchNormalization", "config" : {"axis" : [3], "beta_initializer" : {"class_name" : "Zeros", "config" : {}}, "center" : true, "dtype" : "float32", "epsilon" : 0.001, "gamma_initializer" : {"class_name" : "Ones", "config" : {}}, "momentum" : 0.999, "moving_mean_initializer" : {"class_name" : "Zeros", "config" : {}}, "moving_variance_initializer" : {"class_name" : "Ones", "config" : {}}, "name" : "block_4_project_BN", "scale" : true, "trainable" : false}, "inbound_nodes" : [[["block_4_project", 0, 0, {}]]]}, {"class_name" : "Add", "config" : {"dtype" : "float32", "name" : "block_4_add", "trainable" : false}, "inbound_nodes" : [[["block_3_project_BN", 0, 0, {}], ["block_4_project_BN", 0, 0, {}]]]}, {"class_name" : "Conv2D", "config" : {"activation" : "linear", "bias_initializer" : {"class_name" : "Zeros", "config" : {}}, "dilation_rate" : [1, 1], "filters" : 192, "kernel_initializer" : {"class_name" : "VarianceScaling", "config" : {"distribution" : "uniform", "mode" : "fan_avg", "scale" : 1.0, "seed" : 12}}, "kernel_size" : [1, 1], "name" : "block_5_expand", "padding" : "same", "strides" : [1, 1], "trainable" : false, "use_bias" : false}, "inbound_nodes" : [[["block_4_add", 0, 0, {}]]]}, {"class_name" : "BatchNormalization", "config" : {"axis" : [3], "beta_initializer" : {"class_name" : "Zeros", "config" : {}}, "center" : true, "dtype" : "float32", "epsilon" : 0.001, "gamma_initializer" : {"class_name" : "Ones", "config" : {}}, "momentum" : 0.999, "moving_mean_initializer" : {"class_name" : "Zeros", "config" : {}}, "moving_variance_initializer" : {"class_name" : "Ones", "config" : {}}, "name" : "block_5_expand_BN", "scale" : true, "trainable" : false}, "inbound_nodes" : [[["block_5_expand", 0, 0, {}]]]}, {"class_name" : "ReLU", "config" : {"dtype" : "float32", "max_value" : 6.0, "name" : "block_5_expand_relu", "negative_slope" : 0.0, "threshold" : 0.0, "trainable" : false}, "inbound_nodes" : [[["block_5_expand_BN", 0, 0, {}]]]}, {"class_name" : "DepthwiseConv2D", "config" : {"activation" : "linear", "bias_initializer" : {"class_name" : "Zeros", "config" : {}}, "depth_multiplier" : 1, "depthwise_initializer" : {"class_name" : "VarianceScaling", "config" : {"distribution" : "uniform", "mode" : "fan_avg", "scale" : 1.0, "seed" : 12}}, "dilation_rate" : [1, 1], "kernel_size" : [3, 3], "name" : "block_5_depthwise", "padding" : "same", "strides" : [1, 1], "trainable" : false, "use_bias" : false}, "inbound_nodes" : [[["block_5_expand_relu", 0, 0, {}]]]}, {"class_name" : "BatchNormalization", "config" : {"axis" : [3], "beta_initializer" : {"class_name" : "Zeros", "config" : {}}, "center" : true, "dtype" : "float32", "epsilon" : 0.001, "gamma_initializer" : {"class_name" : "Ones", "config" : {}}, "momentum" : 0.999, "moving_mean_initializer" : {"class_name" : "Zeros", "config" : {}}, "moving_variance_initializer" : {"class_name" : "Ones", "config" : {}}, "name" : "block_5_depthwise_BN", "scale" : true, "trainable" : false}, "inbound_nodes" : [[["block_5_depthwise", 0, 0, {}]]]}, {"class_name" : "ReLU", "config" : {"dtype" : "float32", "max_value" : 6.0, "name" : "block_5_depthwise_relu", "negative_slope" : 0.0, "threshold" : 0.0, "trainable" : false}, "inbound_nodes" : [[["block_5_depthwise_BN", 0, 0, {}]]]}, {"class_name" : "Conv2D", "config" : {"activation" : "linear", "bias_initializer" : {"class_name" : "Zeros", "config" : {}}, "dilation_rate" : [1, 1], "filters" : 32, "kernel_initializer" : {"class_name" : "VarianceScaling", "config" : {"distribution" : "uniform", "mode" : "fan_avg", "scale" : 1.0, "seed" : 12}}, "kernel_size" : [1, 1], "name" : "block_5_project", "padding" : "same", "strides" : [1, 1], "trainable" : false, "use_bias" : false}, "inbound_nodes" : [[["block_5_depthwise_relu", 0, 0, {}]]]}, {"class_name" : "BatchNormalization", "config" : {"axis" : [3], "beta_initializer" : {"class_name" : "Zeros", "config" : {}}, "center" : true, "dtype" : "float32", "epsilon" : 0.001, "gamma_initializer" : {"class_name" : "Ones", "config" : {}}, "momentum" : 0.999, "moving_mean_initializer" : {"class_name" : "Zeros", "config" : {}}, "moving_variance_initializer" : {"class_name" : "Ones", "config" : {}}, "name" : "block_5_project_BN", "scale" : true, "trainable" : false}, "inbound_nodes" : [[["block_5_project", 0, 0, {}]]]}, {"class_name" : "Add", "config" : {"dtype" : "float32", "name" : "block_5_add", "trainable" : false}, "inbound_nodes" : [[["block_4_add", 0, 0, {}], ["block_5_project_BN", 0, 0, {}]]]}, {"class_name" : "Conv2D", "config" : {"activation" : "linear", "bias_initializer" : {"class_name" : "Zeros", "config" : {}}, "dilation_rate" : [1, 1], "filters" : 192, "kernel_initializer" : {"class_name" : "VarianceScaling", "config" : {"distribution" : "uniform", "mode" : "fan_avg", "scale" : 1.0, "seed" : 12}}, "kernel_size" : [1, 1], "name" : "block_6_expand", "padding" : "same", "strides" : [1, 1], "trainable" : false, "use_bias" : false}, "inbound_nodes" : [[["block_5_add", 0, 0, {}]]]}, {"class_name" : "BatchNormalization", "config" : {"axis" : [3], "beta_initializer" : {"class_name" : "Zeros", "config" : {}}, "center" : true, "dtype" : "float32", "epsilon" : 0.001, "gamma_initializer" : {"class_name" : "Ones", "config" : {}}, "momentum" : 0.999, "moving_mean_initializer" : {"class_name" : "Zeros", "config" : {}}, "moving_variance_initializer" : {"class_name" : "Ones", "config" : {}}, "name" : "block_6_expand_BN", "scale" : true, "trainable" : false}, "inbound_nodes" : [[["block_6_expand", 0, 0, {}]]]}, {"class_name" : "ReLU", "config" : {"dtype" : "float32", "max_value" : 6.0, "name" : "block_6_expand_relu", "negative_slope" : 0.0, "threshold" : 0.0, "trainable" : false}, "inbound_nodes" : [[["block_6_expand_BN", 0, 0, {}]]]}, {"class_name" : "ZeroPadding2D", "config" : {"data_format" : "channels_last", "dtype" : "float32", "name" : "block_6_pad", "padding" : [[0, 1], [0, 1]], "trainable" : false}, "inbound_nodes" : [[["block_6_expand_relu", 0, 0, {}]]]}, {"class_name" : "DepthwiseConv2D", "config" : {"activation" : "linear", "bias_initializer" : {"class_name" : "Zeros", "config" : {}}, "depth_multiplier" : 1, "depthwise_initializer" : {"class_name" : "VarianceScaling", "config" : {"distribution" : "uniform", "mode" : "fan_avg", "scale" : 1.0, "seed" : 12}}, "dilation_rate" : [1, 1], "kernel_size" : [3, 3], "name" : "block_6_depthwise", "padding" : "valid", "strides" : [2, 2], "trainable" : false, "use_bias" : false}, "inbound_nodes" : [[["block_6_pad", 0, 0, {}]]]}, {"class_name" : "BatchNormalization", "config" : {"axis" : [3], "beta_initializer" : {"class_name" : "Zeros", "config" : {}}, "center" : true, "dtype" : "float32", "epsilon" : 0.001, "gamma_initializer" : {"class_name" : "Ones", "config" : {}}, "momentum" : 0.999, "moving_mean_initializer" : {"class_name" : "Zeros", "config" : {}}, "moving_variance_initializer" : {"class_name" : "Ones", "config" : {}}, "name" : "block_6_depthwise_BN", "scale" : true, "trainable" : false}, "inbound_nodes" : [[["block_6_depthwise", 0, 0, {}]]]}, {"class_name" : "ReLU", "config" : {"dtype" : "float32", "max_value" : 6.0, "name" : "block_6_depthwise_relu", "negative_slope" : 0.0, "threshold" : 0.0, "trainable" : false}, "inbound_nodes" : [[["block_6_depthwise_BN", 0, 0, {}]]]}, {"class_name" : "Conv2D", "config" : {"activation" : "linear", "bias_initializer" : {"class_name" : "Zeros", "config" : {}}, "dilation_rate" : [1, 1], "filters" : 64, "kernel_initializer" : {"class_name" : "VarianceScaling", "config" : {"distribution" : "uniform", "mode" : "fan_avg", "scale" : 1.0, "seed" : 12}}, "kernel_size" : [1, 1], "name" : "block_6_project", "padding" : "same", "strides" : [1, 1], "trainable" : false, "use_bias" : false}, "inbound_nodes" : [[["block_6_depthwise_relu", 0, 0, {}]]]}, {"class_name" : "BatchNormalization", "config" : {"axis" : [3], "beta_initializer" : {"class_name" : "Zeros", "config" : {}}, "center" : true, "dtype" : "float32", "epsilon" : 0.001, "gamma_initializer" : {"class_name" : "Ones", "config" : {}}, "momentum" : 0.999, "moving_mean_initializer" : {"class_name" : "Zeros", "config" : {}}, "moving_variance_initializer" : {"class_name" : "Ones", "config" : {}}, "name" : "block_6_project_BN", "scale" : true, "trainable" : false}, "inbound_nodes" : [[["block_6_project", 0, 0, {}]]]}, {"class_name" : "Conv2D", "config" : {"activation" : "linear", "bias_initializer" : {"class_name" : "Zeros", "config" : {}}, "dilation_rate" : [1, 1], "filters" : 384, "kernel_initializer" : {"class_name" : "VarianceScaling", "config" : {"distribution" : "uniform", "mode" : "fan_avg", "scale" : 1.0, "seed" : 12}}, "kernel_size" : [1, 1], "name" : "block_7_expand", "padding" : "same", "strides" : [1, 1], "trainable" : false, "use_bias" : false}, "inbound_nodes" : [[["block_6_project_BN", 0, 0, {}]]]}, {"class_name" : "BatchNormalization", "config" : {"axis" : [3], "beta_initializer" : {"class_name" : "Zeros", "config" : {}}, "center" : true, "dtype" : "float32", "epsilon" : 0.001, "gamma_initializer" : {"class_name" : "Ones", "config" : {}}, "momentum" : 0.999, "moving_mean_initializer" : {"class_name" : "Zeros", "config" : {}}, "moving_variance_initializer" : {"class_name" : "Ones", "config" : {}}, "name" : "block_7_expand_BN", "scale" : true, "trainable" : false}, "inbound_nodes" : [[["block_7_expand", 0, 0, {}]]]}, {"class_name" : "ReLU", "config" : {"dtype" : "float32", "max_value" : 6.0, "name" : "block_7_expand_relu", "negative_slope" : 0.0, "threshold" : 0.0, "trainable" : false}, "inbound_nodes" : [[["block_7_expand_BN", 0, 0, {}]]]}, {"class_name" : "DepthwiseConv2D", "config" : {"activation" : "linear", "bias_initializer" : {"class_name" : "Zeros", "config" : {}}, "depth_multiplier" : 1, "depthwise_initializer" : {"class_name" : "VarianceScaling", "config" : {"distribution" : "uniform", "mode" : "fan_avg", "scale" : 1.0, "seed" : 12}}, "dilation_rate" : [1, 1], "kernel_size" : [3, 3], "name" : "block_7_depthwise", "padding" : "same", "strides" : [1, 1], "trainable" : false, "use_bias" : false}, "inbound_nodes" : [[["block_7_expand_relu", 0, 0, {}]]]}, {"class_name" : "BatchNormalization", "config" : {"axis" : [3], "beta_initializer" : {"class_name" : "Zeros", "config" : {}}, "center" : true, "dtype" : "float32", "epsilon" : 0.001, "gamma_initializer" : {"class_name" : "Ones", "config" : {}}, "momentum" : 0.999, "moving_mean_initializer" : {"class_name" : "Zeros", "config" : {}}, "moving_variance_initializer" : {"class_name" : "Ones", "config" : {}}, "name" : "block_7_depthwise_BN", "scale" : true, "trainable" : false}, "inbound_nodes" : [[["block_7_depthwise", 0, 0, {}]]]}, {"class_name" : "ReLU", "config" : {"dtype" : "float32", "max_value" : 6.0, "name" : "block_7_depthwise_relu", "negative_slope" : 0.0, "threshold" : 0.0, "trainable" : false}, "inbound_nodes" : [[["block_7_depthwise_BN", 0, 0, {}]]]}, {"class_name" : "Conv2D", "config" : {"activation" : "linear", "bias_initializer" : {"class_name" : "Zeros", "config" : {}}, "dilation_rate" : [1, 1], "filters" : 64, "kernel_initializer" : {"class_name" : "VarianceScaling", "config" : {"distribution" : "uniform", "mode" : "fan_avg", "scale" : 1.0, "seed" : 12}}, "kernel_size" : [1, 1], "name" : "block_7_project", "padding" : "same", "strides" : [1, 1], "trainable" : false, "use_bias" : false}, "inbound_nodes" : [[["block_7_depthwise_relu", 0, 0, {}]]]}, {"class_name" : "BatchNormalization", "config" : {"axis" : [3], "beta_initializer" : {"class_name" : "Zeros", "config" : {}}, "center" : true, "dtype" : "float32", "epsilon" : 0.001, "gamma_initializer" : {"class_name" : "Ones", "config" : {}}, "momentum" : 0.999, "moving_mean_initializer" : {"class_name" : "Zeros", "config" : {}}, "moving_variance_initializer" : {"class_name" : "Ones", "config" : {}}, "name" : "block_7_project_BN", "scale" : true, "trainable" : false}, "inbound_nodes" : [[["block_7_project", 0, 0, {}]]]}, {"class_name" : "Add", "config" : {"dtype" : "float32", "name" : "block_7_add", "trainable" : false}, "inbound_nodes" : [[["block_6_project_BN", 0, 0, {}], ["block_7_project_BN", 0, 0, {}]]]}, {"class_name" : "Conv2D", "config" : {"activation" : "linear", "bias_initializer" : {"class_name" : "Zeros", "config" : {}}, "dilation_rate" : [1, 1], "filters" : 384, "kernel_initializer" : {"class_name" : "VarianceScaling", "config" : {"distribution" : "uniform", "mode" : "fan_avg", "scale" : 1.0, "seed" : 12}}, "kernel_size" : [1, 1], "name" : "block_8_expand", "padding" : "same", "strides" : [1, 1], "trainable" : false, "use_bias" : false}, "inbound_nodes" : [[["block_7_add", 0, 0, {}]]]}, {"class_name" : "BatchNormalization", "config" : {"axis" : [3], "beta_initializer" : {"class_name" : "Zeros", "config" : {}}, "center" : true, "dtype" : "float32", "epsilon" : 0.001, "gamma_initializer" : {"class_name" : "Ones", "config" : {}}, "momentum" : 0.999, "moving_mean_initializer" : {"class_name" : "Zeros", "config" : {}}, "moving_variance_initializer" : {"class_name" : "Ones", "config" : {}}, "name" : "block_8_expand_BN", "scale" : true, "trainable" : false}, "inbound_nodes" : [[["block_8_expand", 0, 0, {}]]]}, {"class_name" : "ReLU", "config" : {"dtype" : "float32", "max_value" : 6.0, "name" : "block_8_expand_relu", "negative_slope" : 0.0, "threshold" : 0.0, "trainable" : false}, "inbound_nodes" : [[["block_8_expand_BN", 0, 0, {}]]]}, {"class_name" : "DepthwiseConv2D", "config" : {"activation" : "linear", "bias_initializer" : {"class_name" : "Zeros", "config" : {}}, "depth_multiplier" : 1, "depthwise_initializer" : {"class_name" : "VarianceScaling", "config" : {"distribution" : "uniform", "mode" : "fan_avg", "scale" : 1.0, "seed" : 12}}, "dilation_rate" : [1, 1], "kernel_size" : [3, 3], "name" : "block_8_depthwise", "padding" : "same", "strides" : [1, 1], "trainable" : false, "use_bias" : false}, "inbound_nodes" : [[["block_8_expand_relu", 0, 0, {}]]]}, {"class_name" : "BatchNormalization", "config" : {"axis" : [3], "beta_initializer" : {"class_name" : "Zeros", "config" : {}}, "center" : true, "dtype" : "float32", "epsilon" : 0.001, "gamma_initializer" : {"class_name" : "Ones", "config" : {}}, "momentum" : 0.999, "moving_mean_initializer" : {"class_name" : "Zeros", "config" : {}}, "moving_variance_initializer" : {"class_name" : "Ones", "config" : {}}, "name" : "block_8_depthwise_BN", "scale" : true, "trainable" : false}, "inbound_nodes" : [[["block_8_depthwise", 0, 0, {}]]]}, {"class_name" : "ReLU", "config" : {"dtype" : "float32", "max_value" : 6.0, "name" : "block_8_depthwise_relu", "negative_slope" : 0.0, "threshold" : 0.0, "trainable" : false}, "inbound_nodes" : [[["block_8_depthwise_BN", 0, 0, {}]]]}, {"class_name" : "Conv2D", "config" : {"activation" : "linear", "bias_initializer" : {"class_name" : "Zeros", "config" : {}}, "dilation_rate" : [1, 1], "filters" : 64, "kernel_initializer" : {"class_name" : "VarianceScaling", "config" : {"distribution" : "uniform", "mode" : "fan_avg", "scale" : 1.0, "seed" : 12}}, "kernel_size" : [1, 1], "name" : "block_8_project", "padding" : "same", "strides" : [1, 1], "trainable" : false, "use_bias" : false}, "inbound_nodes" : [[["block_8_depthwise_relu", 0, 0, {}]]]}, {"class_name" : "BatchNormalization", "config" : {"axis" : [3], "beta_initializer" : {"class_name" : "Zeros", "config" : {}}, "center" : true, "dtype" : "float32", "epsilon" : 0.001, "gamma_initializer" : {"class_name" : "Ones", "config" : {}}, "momentum" : 0.999, "moving_mean_initializer" : {"class_name" : "Zeros", "config" : {}}, "moving_variance_initializer" : {"class_name" : "Ones", "config" : {}}, "name" : "block_8_project_BN", "scale" : true, "trainable" : false}, "inbound_nodes" : [[["block_8_project", 0, 0, {}]]]}, {"class_name" : "Add", "config" : {"dtype" : "float32", "name" : "block_8_add", "trainable" : false}, "inbound_nodes" : [[["block_7_add", 0, 0, {}], ["block_8_project_BN", 0, 0, {}]]]}, {"class_name" : "Conv2D", "config" : {"activation" : "linear", "bias_initializer" : {"class_name" : "Zeros", "config" : {}}, "dilation_rate" : [1, 1], "filters" : 384, "kernel_initializer" : {"class_name" : "VarianceScaling", "config" : {"distribution" : "uniform", "mode" : "fan_avg", "scale" : 1.0, "seed" : 12}}, "kernel_size" : [1, 1], "name" : "block_9_expand", "padding" : "same", "strides" : [1, 1], "trainable" : false, "use_bias" : false}, "inbound_nodes" : [[["block_8_add", 0, 0, {}]]]}, {"class_name" : "BatchNormalization", "config" : {"axis" : [3], "beta_initializer" : {"class_name" : "Zeros", "config" : {}}, "center" : true, "dtype" : "float32", "epsilon" : 0.001, "gamma_initializer" : {"class_name" : "Ones", "config" : {}}, "momentum" : 0.999, "moving_mean_initializer" : {"class_name" : "Zeros", "config" : {}}, "moving_variance_initializer" : {"class_name" : "Ones", "config" : {}}, "name" : "block_9_expand_BN", "scale" : true, "trainable" : false}, "inbound_nodes" : [[["block_9_expand", 0, 0, {}]]]}, {"class_name" : "ReLU", "config" : {"dtype" : "float32", "max_value" : 6.0, "name" : "block_9_expand_relu", "negative_slope" : 0.0, "threshold" : 0.0, "trainable" : false}, "inbound_nodes" : [[["block_9_expand_BN", 0, 0, {}]]]}, {"class_name" : "DepthwiseConv2D", "config" : {"activation" : "linear", "bias_initializer" : {"class_name" : "Zeros", "config" : {}}, "depth_multiplier" : 1, "depthwise_initializer" : {"class_name" : "VarianceScaling", "config" : {"distribution" : "uniform", "mode" : "fan_avg", "scale" : 1.0, "seed" : 12}}, "dilation_rate" : [1, 1], "kernel_size" : [3, 3], "name" : "block_9_depthwise", "padding" : "same", "strides" : [1, 1], "trainable" : false, "use_bias" : false}, "inbound_nodes" : [[["block_9_expand_relu", 0, 0, {}]]]}, {"class_name" : "BatchNormalization", "config" : {"axis" : [3], "beta_initializer" : {"class_name" : "Zeros", "config" : {}}, "center" : true, "dtype" : "float32", "epsilon" : 0.001, "gamma_initializer" : {"class_name" : "Ones", "config" : {}}, "momentum" : 0.999, "moving_mean_initializer" : {"class_name" : "Zeros", "config" : {}}, "moving_variance_initializer" : {"class_name" : "Ones", "config" : {}}, "name" : "block_9_depthwise_BN", "scale" : true, "trainable" : false}, "inbound_nodes" : [[["block_9_depthwise", 0, 0, {}]]]}, {"class_name" : "ReLU", "config" : {"dtype" : "float32", "max_value" : 6.0, "name" : "block_9_depthwise_relu", "negative_slope" : 0.0, "threshold" : 0.0, "trainable" : false}, "inbound_nodes" : [[["block_9_depthwise_BN", 0, 0, {}]]]}, {"class_name" : "Conv2D", "config" : {"activation" : "linear", "bias_initializer" : {"class_name" : "Zeros", "config" : {}}, "dilation_rate" : [1, 1], "filters" : 64, "kernel_initializer" : {"class_name" : "VarianceScaling", "config" : {"distribution" : "uniform", "mode" : "fan_avg", "scale" : 1.0, "seed" : 12}}, "kernel_size" : [1, 1], "name" : "block_9_project", "padding" : "same", "strides" : [1, 1], "trainable" : false, "use_bias" : false}, "inbound_nodes" : [[["block_9_depthwise_relu", 0, 0, {}]]]}, {"class_name" : "BatchNormalization", "config" : {"axis" : [3], "beta_initializer" : {"class_name" : "Zeros", "config" : {}}, "center" : true, "dtype" : "float32", "epsilon" : 0.001, "gamma_initializer" : {"class_name" : "Ones", "config" : {}}, "momentum" : 0.999, "moving_mean_initializer" : {"class_name" : "Zeros", "config" : {}}, "moving_variance_initializer" : {"class_name" : "Ones", "config" : {}}, "name" : "block_9_project_BN", "scale" : true, "trainable" : false}, "inbound_nodes" : [[["block_9_project", 0, 0, {}]]]}, {"class_name" : "Add", "config" : {"dtype" : "float32", "name" : "block_9_add", "trainable" : false}, "inbound_nodes" : [[["block_8_add", 0, 0, {}], ["block_9_project_BN", 0, 0, {}]]]}, {"class_name" : "Conv2D", "config" : {"activation" : "linear", "bias_initializer" : {"class_name" : "Zeros", "config" : {}}, "dilation_rate" : [1, 1], "filters" : 384, "kernel_initializer" : {"class_name" : "VarianceScaling", "config" : {"distribution" : "uniform", "mode" : "fan_avg", "scale" : 1.0, "seed" : 12}}, "kernel_size" : [1, 1], "name" : "block_10_expand", "padding" : "same", "strides" : [1, 1], "trainable" : false, "use_bias" : false}, "inbound_nodes" : [[["block_9_add", 0, 0, {}]]]}, {"class_name" : "BatchNormalization", "config" : {"axis" : [3], "beta_initializer" : {"class_name" : "Zeros", "config" : {}}, "center" : true, "dtype" : "float32", "epsilon" : 0.001, "gamma_initializer" : {"class_name" : "Ones", "config" : {}}, "momentum" : 0.999, "moving_mean_initializer" : {"class_name" : "Zeros", "config" : {}}, "moving_variance_initializer" : {"class_name" : "Ones", "config" : {}}, "name" : "block_10_expand_BN", "scale" : true, "trainable" : false}, "inbound_nodes" : [[["block_10_expand", 0, 0, {}]]]}, {"class_name" : "ReLU", "config" : {"dtype" : "float32", "max_value" : 6.0, "name" : "block_10_expand_relu", "negative_slope" : 0.0, "threshold" : 0.0, "trainable" : false}, "inbound_nodes" : [[["block_10_expand_BN", 0, 0, {}]]]}, {"class_name" : "DepthwiseConv2D", "config" : {"activation" : "linear", "bias_initializer" : {"class_name" : "Zeros", "config" : {}}, "depth_multiplier" : 1, "depthwise_initializer" : {"class_name" : "VarianceScaling", "config" : {"distribution" : "uniform", "mode" : "fan_avg", "scale" : 1.0, "seed" : 12}}, "dilation_rate" : [1, 1], "kernel_size" : [3, 3], "name" : "block_10_depthwise", "padding" : "same", "strides" : [1, 1], "trainable" : false, "use_bias" : false}, "inbound_nodes" : [[["block_10_expand_relu", 0, 0, {}]]]}, {"class_name" : "BatchNormalization", "config" : {"axis" : [3], "beta_initializer" : {"class_name" : "Zeros", "config" : {}}, "center" : true, "dtype" : "float32", "epsilon" : 0.001, "gamma_initializer" : {"class_name" : "Ones", "config" : {}}, "momentum" : 0.999, "moving_mean_initializer" : {"class_name" : "Zeros", "config" : {}}, "moving_variance_initializer" : {"class_name" : "Ones", "config" : {}}, "name" : "block_10_depthwise_BN", "scale" : true, "trainable" : false}, "inbound_nodes" : [[["block_10_depthwise", 0, 0, {}]]]}, {"class_name" : "ReLU", "config" : {"dtype" : "float32", "max_value" : 6.0, "name" : "block_10_depthwise_relu", "negative_slope" : 0.0, "threshold" : 0.0, "trainable" : false}, "inbound_nodes" : [[["block_10_depthwise_BN", 0, 0, {}]]]}, {"class_name" : "Conv2D", "config" : {"activation" : "linear", "bias_initializer" : {"class_name" : "Zeros", "config" : {}}, "dilation_rate" : [1, 1], "filters" : 96, "kernel_initializer" : {"class_name" : "VarianceScaling", "config" : {"distribution" : "uniform", "mode" : "fan_avg", "scale" : 1.0, "seed" : 12}}, "kernel_size" : [1, 1], "name" : "block_10_project", "padding" : "same", "strides" : [1, 1], "trainable" : false, "use_bias" : false}, "inbound_nodes" : [[["block_10_depthwise_relu", 0, 0, {}]]]}, {"class_name" : "BatchNormalization", "config" : {"axis" : [3], "beta_initializer" : {"class_name" : "Zeros", "config" : {}}, "center" : true, "dtype" : "float32", "epsilon" : 0.001, "gamma_initializer" : {"class_name" : "Ones", "config" : {}}, "momentum" : 0.999, "moving_mean_initializer" : {"class_name" : "Zeros", "config" : {}}, "moving_variance_initializer" : {"class_name" : "Ones", "config" : {}}, "name" : "block_10_project_BN", "scale" : true, "trainable" : false}, "inbound_nodes" : [[["block_10_project", 0, 0, {}]]]}, {"class_name" : "Conv2D", "config" : {"activation" : "linear", "bias_initializer" : {"class_name" : "Zeros", "config" : {}}, "dilation_rate" : [1, 1], "filters" : 576, "kernel_initializer" : {"class_name" : "VarianceScaling", "config" : {"distribution" : "uniform", "mode" : "fan_avg", "scale" : 1.0, "seed" : 12}}, "kernel_size" : [1, 1], "name" : "block_11_expand", "padding" : "same", "strides" : [1, 1], "trainable" : false, "use_bias" : false}, "inbound_nodes" : [[["block_10_project_BN", 0, 0, {}]]]}, {"class_name" : "BatchNormalization", "config" : {"axis" : [3], "beta_initializer" : {"class_name" : "Zeros", "config" : {}}, "center" : true, "dtype" : "float32", "epsilon" : 0.001, "gamma_initializer" : {"class_name" : "Ones", "config" : {}}, "momentum" : 0.999, "moving_mean_initializer" : {"class_name" : "Zeros", "config" : {}}, "moving_variance_initializer" : {"class_name" : "Ones", "config" : {}}, "name" : "block_11_expand_BN", "scale" : true, "trainable" : false}, "inbound_nodes" : [[["block_11_expand", 0, 0, {}]]]}, {"class_name" : "ReLU", "config" : {"dtype" : "float32", "max_value" : 6.0, "name" : "block_11_expand_relu", "negative_slope" : 0.0, "threshold" : 0.0, "trainable" : false}, "inbound_nodes" : [[["block_11_expand_BN", 0, 0, {}]]]}, {"class_name" : "DepthwiseConv2D", "config" : {"activation" : "linear", "bias_initializer" : {"class_name" : "Zeros", "config" : {}}, "depth_multiplier" : 1, "depthwise_initializer" : {"class_name" : "VarianceScaling", "config" : {"distribution" : "uniform", "mode" : "fan_avg", "scale" : 1.0, "seed" : 12}}, "dilation_rate" : [1, 1], "kernel_size" : [3, 3], "name" : "block_11_depthwise", "padding" : "same", "strides" : [1, 1], "trainable" : false, "use_bias" : false}, "inbound_nodes" : [[["block_11_expand_relu", 0, 0, {}]]]}, {"class_name" : "BatchNormalization", "config" : {"axis" : [3], "beta_initializer" : {"class_name" : "Zeros", "config" : {}}, "center" : true, "dtype" : "float32", "epsilon" : 0.001, "gamma_initializer" : {"class_name" : "Ones", "config" : {}}, "momentum" : 0.999, "moving_mean_initializer" : {"class_name" : "Zeros", "config" : {}}, "moving_variance_initializer" : {"class_name" : "Ones", "config" : {}}, "name" : "block_11_depthwise_BN", "scale" : true, "trainable" : false}, "inbound_nodes" : [[["block_11_depthwise", 0, 0, {}]]]}, {"class_name" : "ReLU", "config" : {"dtype" : "float32", "max_value" : 6.0, "name" : "block_11_depthwise_relu", "negative_slope" : 0.0, "threshold" : 0.0, "trainable" : false}, "inbound_nodes" : [[["block_11_depthwise_BN", 0, 0, {}]]]}, {"class_name" : "Conv2D", "config" : {"activation" : "linear", "bias_initializer" : {"class_name" : "Zeros", "config" : {}}, "dilation_rate" : [1, 1], "filters" : 96, "kernel_initializer" : {"class_name" : "VarianceScaling", "config" : {"distribution" : "uniform", "mode" : "fan_avg", "scale" : 1.0, "seed" : 12}}, "kernel_size" : [1, 1], "name" : "block_11_project", "padding" : "same", "strides" : [1, 1], "trainable" : false, "use_bias" : false}, "inbound_nodes" : [[["block_11_depthwise_relu", 0, 0, {}]]]}, {"class_name" : "BatchNormalization", "config" : {"axis" : [3], "beta_initializer" : {"class_name" : "Zeros", "config" : {}}, "center" : true, "dtype" : "float32", "epsilon" : 0.001, "gamma_initializer" : {"class_name" : "Ones", "config" : {}}, "momentum" : 0.999, "moving_mean_initializer" : {"class_name" : "Zeros", "config" : {}}, "moving_variance_initializer" : {"class_name" : "Ones", "config" : {}}, "name" : "block_11_project_BN", "scale" : true, "trainable" : false}, "inbound_nodes" : [[["block_11_project", 0, 0, {}]]]}, {"class_name" : "Add", "config" : {"dtype" : "float32", "name" : "block_11_add", "trainable" : false}, "inbound_nodes" : [[["block_10_project_BN", 0, 0, {}], ["block_11_project_BN", 0, 0, {}]]]}, {"class_name" : "Conv2D", "config" : {"activation" : "linear", "bias_initializer" : {"class_name" : "Zeros", "config" : {}}, "dilation_rate" : [1, 1], "filters" : 576, "kernel_initializer" : {"class_name" : "VarianceScaling", "config" : {"distribution" : "uniform", "mode" : "fan_avg", "scale" : 1.0, "seed" : 12}}, "kernel_size" : [1, 1], "name" : "block_12_expand", "padding" : "same", "strides" : [1, 1], "trainable" : false, "use_bias" : false}, "inbound_nodes" : [[["block_11_add", 0, 0, {}]]]}, {"class_name" : "BatchNormalization", "config" : {"axis" : [3], "beta_initializer" : {"class_name" : "Zeros", "config" : {}}, "center" : true, "dtype" : "float32", "epsilon" : 0.001, "gamma_initializer" : {"class_name" : "Ones", "config" : {}}, "momentum" : 0.999, "moving_mean_initializer" : {"class_name" : "Zeros", "config" : {}}, "moving_variance_initializer" : {"class_name" : "Ones", "config" : {}}, "name" : "block_12_expand_BN", "scale" : true, "trainable" : false}, "inbound_nodes" : [[["block_12_expand", 0, 0, {}]]]}, {"class_name" : "ReLU", "config" : {"dtype" : "float32", "max_value" : 6.0, "name" : "block_12_expand_relu", "negative_slope" : 0.0, "threshold" : 0.0, "trainable" : false}, "inbound_nodes" : [[["block_12_expand_BN", 0, 0, {}]]]}, {"class_name" : "DepthwiseConv2D", "config" : {"activation" : "linear", "bias_initializer" : {"class_name" : "Zeros", "config" : {}}, "depth_multiplier" : 1, "depthwise_initializer" : {"class_name" : "VarianceScaling", "config" : {"distribution" : "uniform", "mode" : "fan_avg", "scale" : 1.0, "seed" : 12}}, "dilation_rate" : [1, 1], "kernel_size" : [3, 3], "name" : "block_12_depthwise", "padding" : "same", "strides" : [1, 1], "trainable" : false, "use_bias" : false}, "inbound_nodes" : [[["block_12_expand_relu", 0, 0, {}]]]}, {"class_name" : "BatchNormalization", "config" : {"axis" : [3], "beta_initializer" : {"class_name" : "Zeros", "config" : {}}, "center" : true, "dtype" : "float32", "epsilon" : 0.001, "gamma_initializer" : {"class_name" : "Ones", "config" : {}}, "momentum" : 0.999, "moving_mean_initializer" : {"class_name" : "Zeros", "config" : {}}, "moving_variance_initializer" : {"class_name" : "Ones", "config" : {}}, "name" : "block_12_depthwise_BN", "scale" : true, "trainable" : false}, "inbound_nodes" : [[["block_12_depthwise", 0, 0, {}]]]}, {"class_name" : "ReLU", "config" : {"dtype" : "float32", "max_value" : 6.0, "name" : "block_12_depthwise_relu", "negative_slope" : 0.0, "threshold" : 0.0, "trainable" : false}, "inbound_nodes" : [[["block_12_depthwise_BN", 0, 0, {}]]]}, {"class_name" : "Conv2D", "config" : {"activation" : "linear", "bias_initializer" : {"class_name" : "Zeros", "config" : {}}, "dilation_rate" : [1, 1], "filters" : 96, "kernel_initializer" : {"class_name" : "VarianceScaling", "config" : {"distribution" : "uniform", "mode" : "fan_avg", "scale" : 1.0, "seed" : 12}}, "kernel_size" : [1, 1], "name" : "block_12_project", "padding" : "same", "strides" : [1, 1], "trainable" : false, "use_bias" : false}, "inbound_nodes" : [[["block_12_depthwise_relu", 0, 0, {}]]]}, {"class_name" : "BatchNormalization", "config" : {"axis" : [3], "beta_initializer" : {"class_name" : "Zeros", "config" : {}}, "center" : true, "dtype" : "float32", "epsilon" : 0.001, "gamma_initializer" : {"class_name" : "Ones", "config" : {}}, "momentum" : 0.999, "moving_mean_initializer" : {"class_name" : "Zeros", "config" : {}}, "moving_variance_initializer" : {"class_name" : "Ones", "config" : {}}, "name" : "block_12_project_BN", "scale" : true, "trainable" : false}, "inbound_nodes" : [[["block_12_project", 0, 0, {}]]]}, {"class_name" : "Add", "config" : {"dtype" : "float32", "name" : "block_12_add", "trainable" : false}, "inbound_nodes" : [[["block_11_add", 0, 0, {}], ["block_12_project_BN", 0, 0, {}]]]}, {"class_name" : "Conv2D", "config" : {"activation" : "linear", "bias_initializer" : {"class_name" : "Zeros", "config" : {}}, "dilation_rate" : [1, 1], "filters" : 576, "kernel_initializer" : {"class_name" : "VarianceScaling", "config" : {"distribution" : "uniform", "mode" : "fan_avg", "scale" : 1.0, "seed" : 12}}, "kernel_size" : [1, 1], "name" : "block_13_expand", "padding" : "same", "strides" : [1, 1], "trainable" : false, "use_bias" : false}, "inbound_nodes" : [[["block_12_add", 0, 0, {}]]]}, {"class_name" : "BatchNormalization", "config" : {"axis" : [3], "beta_initializer" : {"class_name" : "Zeros", "config" : {}}, "center" : true, "dtype" : "float32", "epsilon" : 0.001, "gamma_initializer" : {"class_name" : "Ones", "config" : {}}, "momentum" : 0.999, "moving_mean_initializer" : {"class_name" : "Zeros", "config" : {}}, "moving_variance_initializer" : {"class_name" : "Ones", "config" : {}}, "name" : "block_13_expand_BN", "scale" : true, "trainable" : false}, "inbound_nodes" : [[["block_13_expand", 0, 0, {}]]]}, {"class_name" : "ReLU", "config" : {"dtype" : "float32", "max_value" : 6.0, "name" : "block_13_expand_relu", "negative_slope" : 0.0, "threshold" : 0.0, "trainable" : false}, "inbound_nodes" : [[["block_13_expand_BN", 0, 0, {}]]]}, {"class_name" : "ZeroPadding2D", "config" : {"data_format" : "channels_last", "dtype" : "float32", "name" : "block_13_pad", "padding" : [[0, 1], [0, 1]], "trainable" : false}, "inbound_nodes" : [[["block_13_expand_relu", 0, 0, {}]]]}, {"class_name" : "DepthwiseConv2D", "config" : {"activation" : "linear", "bias_initializer" : {"class_name" : "Zeros", "config" : {}}, "depth_multiplier" : 1, "depthwise_initializer" : {"class_name" : "VarianceScaling", "config" : {"distribution" : "uniform", "mode" : "fan_avg", "scale" : 1.0, "seed" : 12}}, "dilation_rate" : [1, 1], "kernel_size" : [3, 3], "name" : "block_13_depthwise", "padding" : "valid", "strides" : [2, 2], "trainable" : false, "use_bias" : false}, "inbound_nodes" : [[["block_13_pad", 0, 0, {}]]]}, {"class_name" : "BatchNormalization", "config" : {"axis" : [3], "beta_initializer" : {"class_name" : "Zeros", "config" : {}}, "center" : true, "dtype" : "float32", "epsilon" : 0.001, "gamma_initializer" : {"class_name" : "Ones", "config" : {}}, "momentum" : 0.999, "moving_mean_initializer" : {"class_name" : "Zeros", "config" : {}}, "moving_variance_initializer" : {"class_name" : "Ones", "config" : {}}, "name" : "block_13_depthwise_BN", "scale" : true, "trainable" : false}, "inbound_nodes" : [[["block_13_depthwise", 0, 0, {}]]]}, {"class_name" : "ReLU", "config" : {"dtype" : "float32", "max_value" : 6.0, "name" : "block_13_depthwise_relu", "negative_slope" : 0.0, "threshold" : 0.0, "trainable" : false}, "inbound_nodes" : [[["block_13_depthwise_BN", 0, 0, {}]]]}, {"class_name" : "Conv2D", "config" : {"activation" : "linear", "bias_initializer" : {"class_name" : "Zeros", "config" : {}}, "dilation_rate" : [1, 1], "filters" : 160, "kernel_initializer" : {"class_name" : "VarianceScaling", "config" : {"distribution" : "uniform", "mode" : "fan_avg", "scale" : 1.0, "seed" : 12}}, "kernel_size" : [1, 1], "name" : "block_13_project", "padding" : "same", "strides" : [1, 1], "trainable" : false, "use_bias" : false}, "inbound_nodes" : [[["block_13_depthwise_relu", 0, 0, {}]]]}, {"class_name" : "BatchNormalization", "config" : {"axis" : [3], "beta_initializer" : {"class_name" : "Zeros", "config" : {}}, "center" : true, "dtype" : "float32", "epsilon" : 0.001, "gamma_initializer" : {"class_name" : "Ones", "config" : {}}, "momentum" : 0.999, "moving_mean_initializer" : {"class_name" : "Zeros", "config" : {}}, "moving_variance_initializer" : {"class_name" : "Ones", "config" : {}}, "name" : "block_13_project_BN", "scale" : true, "trainable" : false}, "inbound_nodes" : [[["block_13_project", 0, 0, {}]]]}, {"class_name" : "Conv2D", "config" : {"activation" : "linear", "bias_initializer" : {"class_name" : "Zeros", "config" : {}}, "dilation_rate" : [1, 1], "filters" : 960, "kernel_initializer" : {"class_name" : "VarianceScaling", "config" : {"distribution" : "uniform", "mode" : "fan_avg", "scale" : 1.0, "seed" : 12}}, "kernel_size" : [1, 1], "name" : "block_14_expand", "padding" : "same", "strides" : [1, 1], "trainable" : false, "use_bias" : false}, "inbound_nodes" : [[["block_13_project_BN", 0, 0, {}]]]}, {"class_name" : "BatchNormalization", "config" : {"axis" : [3], "beta_initializer" : {"class_name" : "Zeros", "config" : {}}, "center" : true, "dtype" : "float32", "epsilon" : 0.001, "gamma_initializer" : {"class_name" : "Ones", "config" : {}}, "momentum" : 0.999, "moving_mean_initializer" : {"class_name" : "Zeros", "config" : {}}, "moving_variance_initializer" : {"class_name" : "Ones", "config" : {}}, "name" : "block_14_expand_BN", "scale" : true, "trainable" : false}, "inbound_nodes" : [[["block_14_expand", 0, 0, {}]]]}, {"class_name" : "ReLU", "config" : {"dtype" : "float32", "max_value" : 6.0, "name" : "block_14_expand_relu", "negative_slope" : 0.0, "threshold" : 0.0, "trainable" : false}, "inbound_nodes" : [[["block_14_expand_BN", 0, 0, {}]]]}, {"class_name" : "DepthwiseConv2D", "config" : {"activation" : "linear", "bias_initializer" : {"class_name" : "Zeros", "config" : {}}, "depth_multiplier" : 1, "depthwise_initializer" : {"class_name" : "VarianceScaling", "config" : {"distribution" : "uniform", "mode" : "fan_avg", "scale" : 1.0, "seed" : 12}}, "dilation_rate" : [1, 1], "kernel_size" : [3, 3], "name" : "block_14_depthwise", "padding" : "same", "strides" : [1, 1], "trainable" : false, "use_bias" : false}, "inbound_nodes" : [[["block_14_expand_relu", 0, 0, {}]]]}, {"class_name" : "BatchNormalization", "config" : {"axis" : [3], "beta_initializer" : {"class_name" : "Zeros", "config" : {}}, "center" : true, "dtype" : "float32", "epsilon" : 0.001, "gamma_initializer" : {"class_name" : "Ones", "config" : {}}, "momentum" : 0.999, "moving_mean_initializer" : {"class_name" : "Zeros", "config" : {}}, "moving_variance_initializer" : {"class_name" : "Ones", "config" : {}}, "name" : "block_14_depthwise_BN", "scale" : true, "trainable" : false}, "inbound_nodes" : [[["block_14_depthwise", 0, 0, {}]]]}, {"class_name" : "ReLU", "config" : {"dtype" : "float32", "max_value" : 6.0, "name" : "block_14_depthwise_relu", "negative_slope" : 0.0, "threshold" : 0.0, "trainable" : false}, "inbound_nodes" : [[["block_14_depthwise_BN", 0, 0, {}]]]}, {"class_name" : "Conv2D", "config" : {"activation" : "linear", "bias_initializer" : {"class_name" : "Zeros", "config" : {}}, "dilation_rate" : [1, 1], "filters" : 160, "kernel_initializer" : {"class_name" : "VarianceScaling", "config" : {"distribution" : "uniform", "mode" : "fan_avg", "scale" : 1.0, "seed" : 12}}, "kernel_size" : [1, 1], "name" : "block_14_project", "padding" : "same", "strides" : [1, 1], "trainable" : false, "use_bias" : false}, "inbound_nodes" : [[["block_14_depthwise_relu", 0, 0, {}]]]}, {"class_name" : "BatchNormalization", "config" : {"axis" : [3], "beta_initializer" : {"class_name" : "Zeros", "config" : {}}, "center" : true, "dtype" : "float32", "epsilon" : 0.001, "gamma_initializer" : {"class_name" : "Ones", "config" : {}}, "momentum" : 0.999, "moving_mean_initializer" : {"class_name" : "Zeros", "config" : {}}, "moving_variance_initializer" : {"class_name" : "Ones", "config" : {}}, "name" : "block_14_project_BN", "scale" : true, "trainable" : false}, "inbound_nodes" : [[["block_14_project", 0, 0, {}]]]}, {"class_name" : "Add", "config" : {"dtype" : "float32", "name" : "block_14_add", "trainable" : false}, "inbound_nodes" : [[["block_13_project_BN", 0, 0, {}], ["block_14_project_BN", 0, 0, {}]]]}, {"class_name" : "Conv2D", "config" : {"activation" : "linear", "bias_initializer" : {"class_name" : "Zeros", "config" : {}}, "dilation_rate" : [1, 1], "filters" : 960, "kernel_initializer" : {"class_name" : "VarianceScaling", "config" : {"distribution" : "uniform", "mode" : "fan_avg", "scale" : 1.0, "seed" : 12}}, "kernel_size" : [1, 1], "name" : "block_15_expand", "padding" : "same", "strides" : [1, 1], "trainable" : false, "use_bias" : false}, "inbound_nodes" : [[["block_14_add", 0, 0, {}]]]}, {"class_name" : "BatchNormalization", "config" : {"axis" : [3], "beta_initializer" : {"class_name" : "Zeros", "config" : {}}, "center" : true, "dtype" : "float32", "epsilon" : 0.001, "gamma_initializer" : {"class_name" : "Ones", "config" : {}}, "momentum" : 0.999, "moving_mean_initializer" : {"class_name" : "Zeros", "config" : {}}, "moving_variance_initializer" : {"class_name" : "Ones", "config" : {}}, "name" : "block_15_expand_BN", "scale" : true, "trainable" : false}, "inbound_nodes" : [[["block_15_expand", 0, 0, {}]]]}, {"class_name" : "ReLU", "config" : {"dtype" : "float32", "max_value" : 6.0, "name" : "block_15_expand_relu", "negative_slope" : 0.0, "threshold" : 0.0, "trainable" : false}, "inbound_nodes" : [[["block_15_expand_BN", 0, 0, {}]]]}, {"class_name" : "DepthwiseConv2D", "config" : {"activation" : "linear", "bias_initializer" : {"class_name" : "Zeros", "config" : {}}, "depth_multiplier" : 1, "depthwise_initializer" : {"class_name" : "VarianceScaling", "config" : {"distribution" : "uniform", "mode" : "fan_avg", "scale" : 1.0, "seed" : 12}}, "dilation_rate" : [1, 1], "kernel_size" : [3, 3], "name" : "block_15_depthwise", "padding" : "same", "strides" : [1, 1], "trainable" : false, "use_bias" : false}, "inbound_nodes" : [[["block_15_expand_relu", 0, 0, {}]]]}, {"class_name" : "BatchNormalization", "config" : {"axis" : [3], "beta_initializer" : {"class_name" : "Zeros", "config" : {}}, "center" : true, "dtype" : "float32", "epsilon" : 0.001, "gamma_initializer" : {"class_name" : "Ones", "config" : {}}, "momentum" : 0.999, "moving_mean_initializer" : {"class_name" : "Zeros", "config" : {}}, "moving_variance_initializer" : {"class_name" : "Ones", "config" : {}}, "name" : "block_15_depthwise_BN", "scale" : true, "trainable" : false}, "inbound_nodes" : [[["block_15_depthwise", 0, 0, {}]]]}, {"class_name" : "ReLU", "config" : {"dtype" : "float32", "max_value" : 6.0, "name" : "block_15_depthwise_relu", "negative_slope" : 0.0, "threshold" : 0.0, "trainable" : false}, "inbound_nodes" : [[["block_15_depthwise_BN", 0, 0, {}]]]}, {"class_name" : "Conv2D", "config" : {"activation" : "linear", "bias_initializer" : {"class_name" : "Zeros", "config" : {}}, "dilation_rate" : [1, 1], "filters" : 160, "kernel_initializer" : {"class_name" : "VarianceScaling", "config" : {"distribution" : "uniform", "mode" : "fan_avg", "scale" : 1.0, "seed" : 12}}, "kernel_size" : [1, 1], "name" : "block_15_project", "padding" : "same", "strides" : [1, 1], "trainable" : false, "use_bias" : false}, "inbound_nodes" : [[["block_15_depthwise_relu", 0, 0, {}]]]}, {"class_name" : "BatchNormalization", "config" : {"axis" : [3], "beta_initializer" : {"class_name" : "Zeros", "config" : {}}, "center" : true, "dtype" : "float32", "epsilon" : 0.001, "gamma_initializer" : {"class_name" : "Ones", "config" : {}}, "momentum" : 0.999, "moving_mean_initializer" : {"class_name" : "Zeros", "config" : {}}, "moving_variance_initializer" : {"class_name" : "Ones", "config" : {}}, "name" : "block_15_project_BN", "scale" : true, "trainable" : false}, "inbound_nodes" : [[["block_15_project", 0, 0, {}]]]}, {"class_name" : "Add", "config" : {"dtype" : "float32", "name" : "block_15_add", "trainable" : false}, "inbound_nodes" : [[["block_14_add", 0, 0, {}], ["block_15_project_BN", 0, 0, {}]]]}, {"class_name" : "Conv2D", "config" : {"activation" : "linear", "bias_initializer" : {"class_name" : "Zeros", "config" : {}}, "dilation_rate" : [1, 1], "filters" : 960, "kernel_initializer" : {"class_name" : "VarianceScaling", "config" : {"distribution" : "uniform", "mode" : "fan_avg", "scale" : 1.0, "seed" : 12}}, "kernel_size" : [1, 1], "name" : "block_16_expand", "padding" : "same", "strides" : [1, 1], "trainable" : false, "use_bias" : false}, "inbound_nodes" : [[["block_15_add", 0, 0, {}]]]}, {"class_name" : "BatchNormalization", "config" : {"axis" : [3], "beta_initializer" : {"class_name" : "Zeros", "config" : {}}, "center" : true, "dtype" : "float32", "epsilon" : 0.001, "gamma_initializer" : {"class_name" : "Ones", "config" : {}}, "momentum" : 0.999, "moving_mean_initializer" : {"class_name" : "Zeros", "config" : {}}, "moving_variance_initializer" : {"class_name" : "Ones", "config" : {}}, "name" : "block_16_expand_BN", "scale" : true, "trainable" : false}, "inbound_nodes" : [[["block_16_expand", 0, 0, {}]]]}, {"class_name" : "ReLU", "config" : {"dtype" : "float32", "max_value" : 6.0, "name" : "block_16_expand_relu", "negative_slope" : 0.0, "threshold" : 0.0, "trainable" : false}, "inbound_nodes" : [[["block_16_expand_BN", 0, 0, {}]]]}, {"class_name" : "DepthwiseConv2D", "config" : {"activation" : "linear", "bias_initializer" : {"class_name" : "Zeros", "config" : {}}, "depth_multiplier" : 1, "depthwise_initializer" : {"class_name" : "VarianceScaling", "config" : {"distribution" : "uniform", "mode" : "fan_avg", "scale" : 1.0, "seed" : 12}}, "dilation_rate" : [1, 1], "kernel_size" : [3, 3], "name" : "block_16_depthwise", "padding" : "same", "strides" : [1, 1], "trainable" : false, "use_bias" : false}, "inbound_nodes" : [[["block_16_expand_relu", 0, 0, {}]]]}, {"class_name" : "BatchNormalization", "config" : {"axis" : [3], "beta_initializer" : {"class_name" : "Zeros", "config" : {}}, "center" : true, "dtype" : "float32", "epsilon" : 0.001, "gamma_initializer" : {"class_name" : "Ones", "config" : {}}, "momentum" : 0.999, "moving_mean_initializer" : {"class_name" : "Zeros", "config" : {}}, "moving_variance_initializer" : {"class_name" : "Ones", "config" : {}}, "name" : "block_16_depthwise_BN", "scale" : true, "trainable" : false}, "inbound_nodes" : [[["block_16_depthwise", 0, 0, {}]]]}, {"class_name" : "ReLU", "config" : {"dtype" : "float32", "max_value" : 6.0, "name" : "block_16_depthwise_relu", "negative_slope" : 0.0, "threshold" : 0.0, "trainable" : false}, "inbound_nodes" : [[["block_16_depthwise_BN", 0, 0, {}]]]}, {"class_name" : "Conv2D", "config" : {"activation" : "linear", "bias_initializer" : {"class_name" : "Zeros", "config" : {}}, "dilation_rate" : [1, 1], "filters" : 320, "kernel_initializer" : {"class_name" : "VarianceScaling", "config" : {"distribution" : "uniform", "mode" : "fan_avg", "scale" : 1.0, "seed" : 12}}, "kernel_size" : [1, 1], "name" : "block_16_project", "padding" : "same", "strides" : [1, 1], "trainable" : false, "use_bias" : false}, "inbound_nodes" : [[["block_16_depthwise_relu", 0, 0, {}]]]}, {"class_name" : "BatchNormalization", "config" : {"axis" : [3], "beta_initializer" : {"class_name" : "Zeros", "config" : {}}, "center" : true, "dtype" : "float32", "epsilon" : 0.001, "gamma_initializer" : {"class_name" : "Ones", "config" : {}}, "momentum" : 0.999, "moving_mean_initializer" : {"class_name" : "Zeros", "config" : {}}, "moving_variance_initializer" : {"class_name" : "Ones", "config" : {}}, "name" : "block_16_project_BN", "scale" : true, "trainable" : false}, "inbound_nodes" : [[["block_16_project", 0, 0, {}]]]}, {"class_name" : "Conv2D", "config" : {"activation" : "linear", "bias_initializer" : {"class_name" : "Zeros", "config" : {}}, "dilation_rate" : [1, 1], "filters" : 1280, "kernel_initializer" : {"class_name" : "VarianceScaling", "config" : {"distribution" : "uniform", "mode" : "fan_avg", "scale" : 1.0, "seed" : 12}}, "kernel_size" : [1, 1], "name" : "Conv_1", "padding" : "valid", "strides" : [1, 1], "trainable" : false, "use_bias" : false}, "inbound_nodes" : [[["block_16_project_BN", 0, 0, {}]]]}, {"class_name" : "BatchNormalization", "config" : {"axis" : [3], "beta_initializer" : {"class_name" : "Zeros", "config" : {}}, "center" : true, "dtype" : "float32", "epsilon" : 0.001, "gamma_initializer" : {"class_name" : "Ones", "config" : {}}, "momentum" : 0.999, "moving_mean_initializer" : {"class_name" : "Zeros", "config" : {}}, "moving_variance_initializer" : {"class_name" : "Ones", "config" : {}}, "name" : "Conv_1_bn", "scale" : true, "trainable" : false}, "inbound_nodes" : [[["Conv_1", 0, 0, {}]]]}, {"class_name" : "ReLU", "config" : {"dtype" : "float32", "max_value" : 6.0, "name" : "out_relu", "negative_slope" : 0.0, "threshold" : 0.0, "trainable" : false}, "inbound_nodes" : [[["Conv_1_bn", 0, 0, {}]]]}, {"class_name" : "GlobalAveragePooling2D", "config" : {"dtype" : "float32", "name" : "global_average_pooling2d", "trainable" : false}, "inbound_nodes" : [[["out_relu", 0, 0, {}]]]}, {"class_name" : "Dense", "config" : {"activation" : "relu", "bias_initializer" : {"class_name" : "VarianceScaling", "config" : {"distribution" : "uniform", "mode" : "fan_avg", "scale" : 1.0, "seed" : 12}}, "dtype" : "float32", "kernel_initializer" : {"class_name" : "VarianceScaling", "config" : {"distribution" : "uniform", "mode" : "fan_avg", "scale" : 1.0, "seed" : 12}}, "name" : "top_dense", "trainable" : true, "units" : 200, "use_bias" : true}, "inbound_nodes" : [[["global_average_pooling2d", 0, 0, {}]]]}, {"class_name" : "Dense", "config" : {"activation" : "linear", "bias_initializer" : {"class_name" : "VarianceScaling", "config" : {"distribution" : "uniform", "mode" : "fan_avg", "scale" : 1.0, "seed" : 12}}, "dtype" : "float32", "kernel_initializer" : {"class_name" : "VarianceScaling", "config" : {"distribution" : "uniform", "mode" : "fan_avg", "scale" : 1.0, "seed" : 12}}, "name" : "pred", "trainable" : true, "units" : 2, "use_bias" : true}, "inbound_nodes" : [[["top_dense", 0, 0, {}]]]}], "name" : null}}